department,name
ICA1,青木 颯太
ICA1,石井 陽菜
ICA1,上田 陽介
ICA1,遠藤 美月
ICA1,大川 恒一
ICA1,加藤 真央
ICA1,木村 悠斗
ICA1,小林 結衣
ICA1,斉藤 蓮
ICA1,佐々木 葵
ICA1,鈴木 翔太
ICA1,高橋 七海
ICA1,田中 陽斗
ICA1,中村 美咲
ICA1,西村 海斗
ICA1,橋本 結菜
ICA1,林 蒼空
ICA1,藤田 彩葉
ICA1,松本 陽向
ICA1,山口 紬
ICA2,山田 湊
ICA2,吉田 杏奈
ICA2,渡辺 琉生
ICA2,阿部 心春
ICA2,池田 大和
ICA2,岩崎 美優
ICA2,岡田 晴翔
ICA3,川口 詩織
ICA3,岸本 陸
ICA3,熊谷 莉子
ICA3,小川 朝陽
ICA3,片山 結月
ICA3,北村 遥斗
ICA3,工藤 玲奈
ICA3,河野 奏太
ICA3,坂本 美羽
ICA3,島田 湊斗
ICA3,白井 花音
ICA3,杉本 悠真
ICA3,関口 咲良
ICA3,高田 瑛太
ICA3,竹内 陽葵
ICA3,千葉 拓海
ICA3,寺田 美緒
ICA3,中川 結翔
ICA3,長谷川 凛
air(ICA1),平野 光希
air(ICA1),福田 結奈
air(ICA2),本田 颯
air(ICA2),三浦 菜月
